-- Leader_UA
-- Author: Bach
-- DateCreated: 6/3/2023 7:54:53 PM
--------------------------------------------------------------
INSERT INTO Types
		(Type,										Kind)
VALUES	('TRAIT_LEADER_BC_WOLF_LEGION_SHIPYARDS',	'KIND_TRAIT');

INSERT INTO Traits
		(TraitType,									Name,												Description)
VALUES	('TRAIT_LEADER_BC_WOLF_LEGION_SHIPYARDS',	'LOC_TRAIT_LEADER_BC_WOLF_LEGION_SHIPYARDS_NAME',	'LOC_TRAIT_LEADER_BC_WOLF_LEGION_SHIPYARDS_DESCRIPTION');

INSERT INTO LeaderTraits
		(LeaderType,			TraitType)
VALUES	('LEADER_BC_DUDEOBAMA',	'TRAIT_LEADER_BC_WOLF_LEGION_SHIPYARDS');

INSERT INTO TraitModifiers
		(TraitType,									ModifierId)
VALUES	('TRAIT_LEADER_BC_WOLF_LEGION_SHIPYARDS',	'TRAIT_ACCUMULATE_MORE_OIL'),
		('TRAIT_LEADER_BC_WOLF_LEGION_SHIPYARDS',	'TRAIT_HARBOR_PRODUCTION'),
		('TRAIT_LEADER_BC_WOLF_LEGION_SHIPYARDS',	'TRAIT_HARBOR_BUILDINGS_PRODUCTION'),
		--Naval Melee (Already provided in Norwegian leader's code)
		('TRAIT_LEADER_BC_WOLF_LEGION_SHIPYARDS',	'TRAIT_ANCIENT_NAVAL_MELEE_PRODUCTION'),
		('TRAIT_LEADER_BC_WOLF_LEGION_SHIPYARDS',	'TRAIT_CLASSICAL_NAVAL_MELEE_PRODUCTION'),
		('TRAIT_LEADER_BC_WOLF_LEGION_SHIPYARDS',	'TRAIT_MEDIEVAL_NAVAL_MELEE_PRODUCTION'),
		('TRAIT_LEADER_BC_WOLF_LEGION_SHIPYARDS',	'TRAIT_RENAISSANCE_NAVAL_MELEE_PRODUCTION'),
		('TRAIT_LEADER_BC_WOLF_LEGION_SHIPYARDS',	'TRAIT_INDUSTRIAL_NAVAL_MELEE_PRODUCTION'),
		('TRAIT_LEADER_BC_WOLF_LEGION_SHIPYARDS',	'TRAIT_MODERN_NAVAL_MELEE_PRODUCTION'),
		('TRAIT_LEADER_BC_WOLF_LEGION_SHIPYARDS',	'TRAIT_ATOMIC_NAVAL_MELEE_PRODUCTION'),
		('TRAIT_LEADER_BC_WOLF_LEGION_SHIPYARDS',	'TRAIT_INFORMATION_NAVAL_MELEE_PRODUCTION'),
		--Naval Ranged
		('TRAIT_LEADER_BC_WOLF_LEGION_SHIPYARDS',	'TRAIT_ANCIENT_NAVAL_RANGED_PRODUCTION'),
		('TRAIT_LEADER_BC_WOLF_LEGION_SHIPYARDS',	'TRAIT_CLASSICAL_NAVAL_RANGED_PRODUCTION'),
		('TRAIT_LEADER_BC_WOLF_LEGION_SHIPYARDS',	'TRAIT_MEDIEVAL_NAVAL_RANGED_PRODUCTION'),
		('TRAIT_LEADER_BC_WOLF_LEGION_SHIPYARDS',	'TRAIT_RENAISSANCE_NAVAL_RANGED_PRODUCTION'),
		('TRAIT_LEADER_BC_WOLF_LEGION_SHIPYARDS',	'TRAIT_INDUSTRIAL_NAVAL_RANGED_PRODUCTION'),
		('TRAIT_LEADER_BC_WOLF_LEGION_SHIPYARDS',	'TRAIT_MODERN_NAVAL_RANGED_PRODUCTION'),
		('TRAIT_LEADER_BC_WOLF_LEGION_SHIPYARDS',	'TRAIT_ATOMIC_NAVAL_RANGED_PRODUCTION'),
		('TRAIT_LEADER_BC_WOLF_LEGION_SHIPYARDS',	'TRAIT_INFORMATION_NAVAL_RANGED_PRODUCTION'),
		--Naval Raider
		('TRAIT_LEADER_BC_WOLF_LEGION_SHIPYARDS',	'TRAIT_ANCIENT_NAVAL_RAIDER_PRODUCTION'),
		('TRAIT_LEADER_BC_WOLF_LEGION_SHIPYARDS',	'TRAIT_CLASSICAL_NAVAL_RAIDER_PRODUCTION'),
		('TRAIT_LEADER_BC_WOLF_LEGION_SHIPYARDS',	'TRAIT_MEDIEVAL_NAVAL_RAIDER_PRODUCTION'),
		('TRAIT_LEADER_BC_WOLF_LEGION_SHIPYARDS',	'TRAIT_RENAISSANCE_NAVAL_RAIDER_PRODUCTION'),
		('TRAIT_LEADER_BC_WOLF_LEGION_SHIPYARDS',	'TRAIT_INDUSTRIAL_NAVAL_RAIDER_PRODUCTION'),
		('TRAIT_LEADER_BC_WOLF_LEGION_SHIPYARDS',	'TRAIT_MODERN_NAVAL_RAIDER_PRODUCTION'),
		('TRAIT_LEADER_BC_WOLF_LEGION_SHIPYARDS',	'TRAIT_ATOMIC_NAVAL_RAIDER_PRODUCTION'),
		('TRAIT_LEADER_BC_WOLF_LEGION_SHIPYARDS',	'TRAIT_INFORMATION_NAVAL_RAIDER_PRODUCTION'),
		--Naval Carrier
		('TRAIT_LEADER_BC_WOLF_LEGION_SHIPYARDS',	'TRAIT_ANCIENT_NAVAL_CARRIER_PRODUCTION'),
		('TRAIT_LEADER_BC_WOLF_LEGION_SHIPYARDS',	'TRAIT_CLASSICAL_NAVAL_CARRIER_PRODUCTION'),
		('TRAIT_LEADER_BC_WOLF_LEGION_SHIPYARDS',	'TRAIT_MEDIEVAL_NAVAL_CARRIER_PRODUCTION'),
		('TRAIT_LEADER_BC_WOLF_LEGION_SHIPYARDS',	'TRAIT_RENAISSANCE_NAVAL_CARRIER_PRODUCTION'),
		('TRAIT_LEADER_BC_WOLF_LEGION_SHIPYARDS',	'TRAIT_INDUSTRIAL_NAVAL_CARRIER_PRODUCTION'),
		('TRAIT_LEADER_BC_WOLF_LEGION_SHIPYARDS',	'TRAIT_MODERN_NAVAL_CARRIER_PRODUCTION'),
		('TRAIT_LEADER_BC_WOLF_LEGION_SHIPYARDS',	'TRAIT_ATOMIC_NAVAL_CARRIER_PRODUCTION'),
		('TRAIT_LEADER_BC_WOLF_LEGION_SHIPYARDS',	'TRAIT_INFORMATION_NAVAL_CARRIER_PRODUCTION');

INSERT INTO Modifiers
		(ModifierId,								ModifierType)
VALUES	('TRAIT_ACCUMULATE_MORE_OIL',				'MODIFIER_PLAYER_ADJUST_RESOURCE_ACCUMULATION_MODIFIER'),
		('TRAIT_HARBOR_PRODUCTION',					'MODIFIER_PLAYER_CITIES_ADJUST_DISTRICT_PRODUCTION'),
		('TRAIT_HARBOR_BUILDINGS_PRODUCTION',		'MODIFIER_PLAYER_CITIES_ADJUST_BUILDING_PRODUCTION'),
		--Naval Ranged
		('TRAIT_ANCIENT_NAVAL_RANGED_PRODUCTION',	'MODIFIER_PLAYER_CITIES_ADJUST_UNIT_TAG_ERA_PRODUCTION'),
		('TRAIT_CLASSICAL_NAVAL_RANGED_PRODUCTION',	'MODIFIER_PLAYER_CITIES_ADJUST_UNIT_TAG_ERA_PRODUCTION'),
		('TRAIT_MEDIEVAL_NAVAL_RANGED_PRODUCTION',	'MODIFIER_PLAYER_CITIES_ADJUST_UNIT_TAG_ERA_PRODUCTION'),
		('TRAIT_RENAISSANCE_NAVAL_RANGED_PRODUCTION','MODIFIER_PLAYER_CITIES_ADJUST_UNIT_TAG_ERA_PRODUCTION'),
		('TRAIT_INDUSTRIAL_NAVAL_RANGED_PRODUCTION','MODIFIER_PLAYER_CITIES_ADJUST_UNIT_TAG_ERA_PRODUCTION'),
		('TRAIT_MODERN_NAVAL_RANGED_PRODUCTION',	'MODIFIER_PLAYER_CITIES_ADJUST_UNIT_TAG_ERA_PRODUCTION'),
		('TRAIT_ATOMIC_NAVAL_RANGED_PRODUCTION',	'MODIFIER_PLAYER_CITIES_ADJUST_UNIT_TAG_ERA_PRODUCTION'),
		('TRAIT_INFORMATION_NAVAL_RANGED_PRODUCTION','MODIFIER_PLAYER_CITIES_ADJUST_UNIT_TAG_ERA_PRODUCTION'),
		--Naval Raider
		('TRAIT_ANCIENT_NAVAL_RAIDER_PRODUCTION',	'MODIFIER_PLAYER_CITIES_ADJUST_UNIT_TAG_ERA_PRODUCTION'),
		('TRAIT_CLASSICAL_NAVAL_RAIDER_PRODUCTION',	'MODIFIER_PLAYER_CITIES_ADJUST_UNIT_TAG_ERA_PRODUCTION'),
		('TRAIT_MEDIEVAL_NAVAL_RAIDER_PRODUCTION',	'MODIFIER_PLAYER_CITIES_ADJUST_UNIT_TAG_ERA_PRODUCTION'),
		('TRAIT_RENAISSANCE_NAVAL_RAIDER_PRODUCTION','MODIFIER_PLAYER_CITIES_ADJUST_UNIT_TAG_ERA_PRODUCTION'),
		('TRAIT_INDUSTRIAL_NAVAL_RAIDER_PRODUCTION','MODIFIER_PLAYER_CITIES_ADJUST_UNIT_TAG_ERA_PRODUCTION'),
		('TRAIT_MODERN_NAVAL_RAIDER_PRODUCTION',	'MODIFIER_PLAYER_CITIES_ADJUST_UNIT_TAG_ERA_PRODUCTION'),
		('TRAIT_ATOMIC_NAVAL_RAIDER_PRODUCTION',	'MODIFIER_PLAYER_CITIES_ADJUST_UNIT_TAG_ERA_PRODUCTION'),
		('TRAIT_INFORMATION_NAVAL_RAIDER_PRODUCTION','MODIFIER_PLAYER_CITIES_ADJUST_UNIT_TAG_ERA_PRODUCTION'),
		--Naval Carrier
		('TRAIT_ANCIENT_NAVAL_CARRIER_PRODUCTION',	'MODIFIER_PLAYER_CITIES_ADJUST_UNIT_TAG_ERA_PRODUCTION'),
		('TRAIT_CLASSICAL_NAVAL_CARRIER_PRODUCTION',	'MODIFIER_PLAYER_CITIES_ADJUST_UNIT_TAG_ERA_PRODUCTION'),
		('TRAIT_MEDIEVAL_NAVAL_CARRIER_PRODUCTION',	'MODIFIER_PLAYER_CITIES_ADJUST_UNIT_TAG_ERA_PRODUCTION'),
		('TRAIT_RENAISSANCE_NAVAL_CARRIER_PRODUCTION','MODIFIER_PLAYER_CITIES_ADJUST_UNIT_TAG_ERA_PRODUCTION'),
		('TRAIT_INDUSTRIAL_NAVAL_CARRIER_PRODUCTION','MODIFIER_PLAYER_CITIES_ADJUST_UNIT_TAG_ERA_PRODUCTION'),
		('TRAIT_MODERN_NAVAL_CARRIER_PRODUCTION',	'MODIFIER_PLAYER_CITIES_ADJUST_UNIT_TAG_ERA_PRODUCTION'),
		('TRAIT_ATOMIC_NAVAL_CARRIER_PRODUCTION',	'MODIFIER_PLAYER_CITIES_ADJUST_UNIT_TAG_ERA_PRODUCTION'),
		('TRAIT_INFORMATION_NAVAL_CARRIER_PRODUCTION','MODIFIER_PLAYER_CITIES_ADJUST_UNIT_TAG_ERA_PRODUCTION');

INSERT INTO ModifierArguments
		(ModifierId,										Name,					Value							)
VALUES	('TRAIT_ACCUMULATE_MORE_OIL',						'Amount',				3								),
		('TRAIT_ACCUMULATE_MORE_OIL',						'ResourceType',			'RESOURCE_OIL'					),
		('TRAIT_HARBOR_PRODUCTION',							'DistrictType',			'DISTRICT_HARBOR'				),
		('TRAIT_HARBOR_PRODUCTION',							'Amount',				60								),
		('TRAIT_HARBOR_BUILDINGS_PRODUCTION',				'DistrictType',			'DISTRICT_HARBOR'				),
		('TRAIT_HARBOR_BUILDINGS_PRODUCTION',				'Amount',				60								),
		--Naval Ranged
		('TRAIT_ANCIENT_NAVAL_RANGED_PRODUCTION',			'EraType',				'ERA_ANCIENT'					),
		('TRAIT_ANCIENT_NAVAL_RANGED_PRODUCTION',			'Amount',				50								),
		('TRAIT_ANCIENT_NAVAL_RANGED_PRODUCTION',			'UnitPromotionClass',	'PROMOTION_CLASS_NAVAL_RANGED'	),
		('TRAIT_CLASSICAL_NAVAL_RANGED_PRODUCTION',			'EraType',				'ERA_CLASSICAL'					),
		('TRAIT_CLASSICAL_NAVAL_RANGED_PRODUCTION',			'Amount',				50								),
		('TRAIT_CLASSICAL_NAVAL_RANGED_PRODUCTION',			'UnitPromotionClass',	'PROMOTION_CLASS_NAVAL_RANGED'	),
		('TRAIT_MEDIEVAL_NAVAL_RANGED_PRODUCTION',			'EraType',				'ERA_MEDIEVAL'					),
		('TRAIT_MEDIEVAL_NAVAL_RANGED_PRODUCTION',			'Amount',				50								),
		('TRAIT_MEDIEVAL_NAVAL_RANGED_PRODUCTION',			'UnitPromotionClass',	'PROMOTION_CLASS_NAVAL_RANGED'	),
		('TRAIT_RENAISSANCE_NAVAL_RANGED_PRODUCTION',		'EraType',				'ERA_RENAISSANCE'				),
		('TRAIT_RENAISSANCE_NAVAL_RANGED_PRODUCTION',		'Amount',				50								),
		('TRAIT_RENAISSANCE_NAVAL_RANGED_PRODUCTION',		'UnitPromotionClass',	'PROMOTION_CLASS_NAVAL_RANGED'	),
		('TRAIT_INDUSTRIAL_NAVAL_RANGED_PRODUCTION',		'EraType',				'ERA_INDUSTRIAL'				),
		('TRAIT_INDUSTRIAL_NAVAL_RANGED_PRODUCTION',		'Amount',				50								),
		('TRAIT_INDUSTRIAL_NAVAL_RANGED_PRODUCTION',		'UnitPromotionClass',	'PROMOTION_CLASS_NAVAL_RANGED'	),
		('TRAIT_MODERN_NAVAL_RANGED_PRODUCTION',			'EraType',				'ERA_MODERN'					),
		('TRAIT_MODERN_NAVAL_RANGED_PRODUCTION',			'Amount',				50								),
		('TRAIT_MODERN_NAVAL_RANGED_PRODUCTION',			'UnitPromotionClass',	'PROMOTION_CLASS_NAVAL_RANGED'	),
		('TRAIT_ATOMIC_NAVAL_RANGED_PRODUCTION',			'EraType',				'ERA_ATOMIC'					),
		('TRAIT_ATOMIC_NAVAL_RANGED_PRODUCTION',			'Amount',				50								),
		('TRAIT_ATOMIC_NAVAL_RANGED_PRODUCTION',			'UnitPromotionClass',	'PROMOTION_CLASS_NAVAL_RANGED'	),
		('TRAIT_INFORMATION_NAVAL_RANGED_PRODUCTION',		'EraType',				'ERA_INFORMATION'				),
		('TRAIT_INFORMATION_NAVAL_RANGED_PRODUCTION',		'Amount',				50								),
		('TRAIT_INFORMATION_NAVAL_RANGED_PRODUCTION',		'UnitPromotionClass',	'PROMOTION_CLASS_NAVAL_RANGED'	),
		--Naval Raider
		('TRAIT_ANCIENT_NAVAL_RAIDER_PRODUCTION',			'EraType',				'ERA_ANCIENT'					),
		('TRAIT_ANCIENT_NAVAL_RAIDER_PRODUCTION',			'Amount',				50								),
		('TRAIT_ANCIENT_NAVAL_RAIDER_PRODUCTION',			'UnitPromotionClass',	'PROMOTION_CLASS_NAVAL_RAIDER'	),
		('TRAIT_CLASSICAL_NAVAL_RAIDER_PRODUCTION',			'EraType',				'ERA_CLASSICAL'					),
		('TRAIT_CLASSICAL_NAVAL_RAIDER_PRODUCTION',			'Amount',				50								),
		('TRAIT_CLASSICAL_NAVAL_RAIDER_PRODUCTION',			'UnitPromotionClass',	'PROMOTION_CLASS_NAVAL_RAIDER'	),
		('TRAIT_MEDIEVAL_NAVAL_RAIDER_PRODUCTION',			'EraType',				'ERA_MEDIEVAL'					),
		('TRAIT_MEDIEVAL_NAVAL_RAIDER_PRODUCTION',			'Amount',				50								),
		('TRAIT_MEDIEVAL_NAVAL_RAIDER_PRODUCTION',			'UnitPromotionClass',	'PROMOTION_CLASS_NAVAL_RAIDER'	),
		('TRAIT_RENAISSANCE_NAVAL_RAIDER_PRODUCTION',		'EraType',				'ERA_RENAISSANCE'				),
		('TRAIT_RENAISSANCE_NAVAL_RAIDER_PRODUCTION',		'Amount',				50								),
		('TRAIT_RENAISSANCE_NAVAL_RAIDER_PRODUCTION',		'UnitPromotionClass',	'PROMOTION_CLASS_NAVAL_RAIDER'	),
		('TRAIT_INDUSTRIAL_NAVAL_RAIDER_PRODUCTION',		'EraType',				'ERA_INDUSTRIAL'				),
		('TRAIT_INDUSTRIAL_NAVAL_RAIDER_PRODUCTION',		'Amount',				50								),
		('TRAIT_INDUSTRIAL_NAVAL_RAIDER_PRODUCTION',		'UnitPromotionClass',	'PROMOTION_CLASS_NAVAL_RAIDER'	),
		('TRAIT_MODERN_NAVAL_RAIDER_PRODUCTION',			'EraType',				'ERA_MODERN'					),
		('TRAIT_MODERN_NAVAL_RAIDER_PRODUCTION',			'Amount',				50								),
		('TRAIT_MODERN_NAVAL_RAIDER_PRODUCTION',			'UnitPromotionClass',	'PROMOTION_CLASS_NAVAL_RAIDER'	),
		('TRAIT_ATOMIC_NAVAL_RAIDER_PRODUCTION',			'EraType',				'ERA_ATOMIC'					),
		('TRAIT_ATOMIC_NAVAL_RAIDER_PRODUCTION',			'Amount',				50								),
		('TRAIT_ATOMIC_NAVAL_RAIDER_PRODUCTION',			'UnitPromotionClass',	'PROMOTION_CLASS_NAVAL_RAIDER'	),
		('TRAIT_INFORMATION_NAVAL_RAIDER_PRODUCTION',		'EraType',				'ERA_INFORMATION'				),
		('TRAIT_INFORMATION_NAVAL_RAIDER_PRODUCTION',		'Amount',				50								),
		('TRAIT_INFORMATION_NAVAL_RAIDER_PRODUCTION',		'UnitPromotionClass',	'PROMOTION_CLASS_NAVAL_RAIDER'	),
		--Naval Carrier
		('TRAIT_ANCIENT_NAVAL_CARRIER_PRODUCTION',			'EraType',				'ERA_ANCIENT'					),
		('TRAIT_ANCIENT_NAVAL_CARRIER_PRODUCTION',			'Amount',				50								),
		('TRAIT_ANCIENT_NAVAL_CARRIER_PRODUCTION',			'UnitPromotionClass',	'PROMOTION_CLASS_NAVAL_CARRIER'	),
		('TRAIT_CLASSICAL_NAVAL_CARRIER_PRODUCTION',		'EraType',				'ERA_CLASSICAL'					),
		('TRAIT_CLASSICAL_NAVAL_CARRIER_PRODUCTION',		'Amount',				50								),
		('TRAIT_CLASSICAL_NAVAL_CARRIER_PRODUCTION',		'UnitPromotionClass',	'PROMOTION_CLASS_NAVAL_CARRIER'	),
		('TRAIT_MEDIEVAL_NAVAL_CARRIER_PRODUCTION',			'EraType',				'ERA_MEDIEVAL'					),
		('TRAIT_MEDIEVAL_NAVAL_CARRIER_PRODUCTION',			'Amount',				50								),
		('TRAIT_MEDIEVAL_NAVAL_CARRIER_PRODUCTION',			'UnitPromotionClass',	'PROMOTION_CLASS_NAVAL_CARRIER'	),
		('TRAIT_RENAISSANCE_NAVAL_CARRIER_PRODUCTION',		'EraType',				'ERA_RENAISSANCE'				),
		('TRAIT_RENAISSANCE_NAVAL_CARRIER_PRODUCTION',		'Amount',				50								),
		('TRAIT_RENAISSANCE_NAVAL_CARRIER_PRODUCTION',		'UnitPromotionClass',	'PROMOTION_CLASS_NAVAL_CARRIER'	),
		('TRAIT_INDUSTRIAL_NAVAL_CARRIER_PRODUCTION',		'EraType',				'ERA_INDUSTRIAL'				),
		('TRAIT_INDUSTRIAL_NAVAL_CARRIER_PRODUCTION',		'Amount',				50								),
		('TRAIT_INDUSTRIAL_NAVAL_CARRIER_PRODUCTION',		'UnitPromotionClass',	'PROMOTION_CLASS_NAVAL_CARRIER'	),
		('TRAIT_MODERN_NAVAL_CARRIER_PRODUCTION',			'EraType',				'ERA_MODERN'					),
		('TRAIT_MODERN_NAVAL_CARRIER_PRODUCTION',			'Amount',				50								),
		('TRAIT_MODERN_NAVAL_CARRIER_PRODUCTION',			'UnitPromotionClass',	'PROMOTION_CLASS_NAVAL_CARRIER'	),
		('TRAIT_ATOMIC_NAVAL_CARRIER_PRODUCTION',			'EraType',				'ERA_ATOMIC'					),
		('TRAIT_ATOMIC_NAVAL_CARRIER_PRODUCTION',			'Amount',				50								),
		('TRAIT_ATOMIC_NAVAL_CARRIER_PRODUCTION',			'UnitPromotionClass',	'PROMOTION_CLASS_NAVAL_CARRIER'	),
		('TRAIT_INFORMATION_NAVAL_CARRIER_PRODUCTION',		'EraType',				'ERA_INFORMATION'				),
		('TRAIT_INFORMATION_NAVAL_CARRIER_PRODUCTION',		'Amount',				50								),
		('TRAIT_INFORMATION_NAVAL_CARRIER_PRODUCTION',		'UnitPromotionClass',	'PROMOTION_CLASS_NAVAL_CARRIER'	);