-- Leader_Agenda
-- Author: DUDEOBAMA
-- DateCreated: 6/3/2023 10:09:01 PM
--------------------------------------------------------------
INSERT INTO Types
		(Type,									Kind)
VALUES	('TRAIT_AGENDA_BC_DUDEOBAMA',			'KIND_TRAIT');

INSERT INTO Agendas
		(AgendaType,				Name,								Description)
VALUES	('AGENDA_BC_DUDEOBAMA',		'LOC_AGENDA_BC_DUDEOBAMA_NAME',		'LOC_AGENDA_BC_DUDEOBAMA_DESCRIPTION');

INSERT INTO Traits
		(TraitType,						Name,								Description)
VALUES	('TRAIT_AGENDA_BC_DUDEOBAMA',	'LOC_AGENDA_BC_DUDEOBAMA_NAME',		'LOC_AGENDA_BC_DUDEOBAMA_DESCRIPTION');

INSERT INTO AgendaTraits
		(AgendaType,				TraitType)
VALUES	('AGENDA_BC_DUDEOBAMA',		'TRAIT_AGENDA_BC_DUDEOBAMA');

INSERT INTO HistoricalAgendas
		(LeaderType,				AgendaType)
VALUES	('LEADER_BC_DUDEOBAMA',		'AGENDA_BC_DUDEOBAMA');

INSERT INTO ExclusiveAgendas
		(AgendaOne,					AgendaTwo)
VALUES	('AGENDA_BC_DUDEOBAMA',		'AGENDA_PARANOID');

INSERT INTO TraitModifiers
		(TraitType,						ModifierId)
VALUES	('TRAIT_AGENDA_BC_DUDEOBAMA',	'AGENDA_MODIFIER_BC_DUDEOBAMA_HAPPY'),
		('TRAIT_AGENDA_BC_DUDEOBAMA',	'AGENDA_MODIFIER_BC_DUDEOBAMA_UNHAPPY');

INSERT INTO Modifiers
		(ModifierId,							ModifierType,									SubjectRequirementSetId)
VALUES	('AGENDA_MODIFIER_BC_DUDEOBAMA_HAPPY',	'MODIFIER_PLAYER_DIPLOMACY_SIMPLE_MODIFIER',	'PLAYER_HAS_HIGH_STANDING_ARMY'),
		('AGENDA_MODIFIER_BC_DUDEOBAMA_UNHAPPY','MODIFIER_PLAYER_DIPLOMACY_SIMPLE_MODIFIER',	'PLAYER_HAS_LOW_STANDING_ARMY');

INSERT INTO ModifierStrings
		(ModifierId,							Context,	Text								)
VALUES	('AGENDA_MODIFIER_BC_DUDEOBAMA_HAPPY',	'Sample',	'LOC_TOOLTIP_SAMPLE_DIPLOMACY_ALL'	),
		('AGENDA_MODIFIER_BC_DUDEOBAMA_UNHAPPY','Sample',	'LOC_TOOLTIP_SAMPLE_DIPLOMACY_ALL'	);

INSERT INTO ModifierArguments
			(ModifierId,							Name,							Value												)
VALUES		('AGENDA_MODIFIER_BC_DUDEOBAMA_HAPPY',	'InitialValue',					10													),
			('AGENDA_MODIFIER_BC_DUDEOBAMA_HAPPY',	'IncrementValue',				1													),
			('AGENDA_MODIFIER_BC_DUDEOBAMA_HAPPY',	'IncrementTurns',				5													),
			('AGENDA_MODIFIER_BC_DUDEOBAMA_HAPPY',	'StatementKey',					'LOC_DIPLO_KUDO_LEADER_BC_DUDEOBAMA_REASON_ANY'		),
			('AGENDA_MODIFIER_BC_DUDEOBAMA_HAPPY',	'SimpleModifierDescription',	'LOC_DIPLO_MODIFIER_BC_DUDEOBAMA_HAPPY'				),
			('AGENDA_MODIFIER_BC_DUDEOBAMA_UNHAPPY','InitialValue',					-10													),
			('AGENDA_MODIFIER_BC_DUDEOBAMA_UNHAPPY','IncrementValue',				-1													),
			('AGENDA_MODIFIER_BC_DUDEOBAMA_UNHAPPY','IncrementTurns',				5													),
			('AGENDA_MODIFIER_BC_DUDEOBAMA_UNHAPPY','StatementKey',					'LOC_DIPLO_WARNING_LEADER_BC_DUDEOBAMA_REASON_ANY'	),
			('AGENDA_MODIFIER_BC_DUDEOBAMA_UNHAPPY','SimpleModifierDescription',	'LOC_DIPLO_MODIFIER_BC_DUDEOBAMA_UNHAPPY'			);

		