-- Civilization_UA
-- Author: Bach
-- DateCreated: 6/3/2023 12:36:14 PM
--------------------------------------------------------------
INSERT INTO	Types
		(Type,														Kind			)
VALUES	('TRAIT_CIVILIZATION_BC_PRAESELIS_RULES_THE_WAVE',			'KIND_TRAIT'	),
		('ABILITY_PRAESELIS_RULES_THE_WAVE_MOVEMENT',				'KIND_ABILITY'	),
		('ABILITY_PRAESELIS_RULES_THE_WAVE_SIGHT',					'KIND_ABILITY'	);			

INSERT INTO TypeTags
		(Type,											Tag	)
VALUES	('ABILITY_PRAESELIS_RULES_THE_WAVE_MOVEMENT',	'CLASS_NAVAL_MELEE'),
		('ABILITY_PRAESELIS_RULES_THE_WAVE_MOVEMENT',	'CLASS_NAVAL_RANGED'),
		('ABILITY_PRAESELIS_RULES_THE_WAVE_MOVEMENT',	'CLASS_NAVAL_RAIDER'),
		('ABILITY_PRAESELIS_RULES_THE_WAVE_MOVEMENT',	'CLASS_NAVAL_CARRIER'),
		('ABILITY_PRAESELIS_RULES_THE_WAVE_SIGHT',		'CLASS_NAVAL_MELEE'),
		('ABILITY_PRAESELIS_RULES_THE_WAVE_SIGHT',		'CLASS_NAVAL_RANGED'),
		('ABILITY_PRAESELIS_RULES_THE_WAVE_SIGHT',		'CLASS_NAVAL_RAIDER'),
		('ABILITY_PRAESELIS_RULES_THE_WAVE_SIGHT',		'CLASS_NAVAL_CARRIER');

INSERT INTO UnitAbilities
		(UnitAbilityType,								Name,													Description,													Inactive)
VALUES	('ABILITY_PRAESELIS_RULES_THE_WAVE_MOVEMENT',	'LOC_ABILITY_PRAESELIS_RULES_THE_WAVE_MOVEMENT_NAME',	'LOC_ABILITY_PRAESELIS_RULES_THE_WAVE_MOVEMENT_DESCRIPTION',	1		),
		('ABILITY_PRAESELIS_RULES_THE_WAVE_SIGHT',		'LOC_ABILITY_PRAESELIS_RULES_THE_WAVE_SIGHT_NAME',		'LOC_ABILITY_PRAESELIS_RULES_THE_WAVE_SIGHT_DESCRIPTION',		1		);

INSERT INTO UnitAbilityModifiers
		(UnitAbilityType,								ModifierId)
VALUES	('ABILITY_PRAESELIS_RULES_THE_WAVE_MOVEMENT',	'PRAESELIS_RULES_THE_WAVE_EXTRA_MOVEMENT'	),
		('ABILITY_PRAESELIS_RULES_THE_WAVE_SIGHT',		'PRAESELIS_RULES_THE_WAVE_EXTRA_SIGHT'		);

INSERT INTO Traits
		(TraitType,											Name,														Description														)
VALUES	('TRAIT_CIVILIZATION_BC_PRAESELIS_RULES_THE_WAVE',	'LOC_TRAIT_CIVILIZATION_BC_PRAESELIS_RULES_THE_WAVE_NAME',	'LOC_TRAIT_CIVILIZATION_BC_PRAESELIS_RULES_THE_WAVE_DESCRIPTION');

INSERT INTO CivilizationTraits
		(CivilizationType,			TraitType)
VALUES	('CIVILIZATION_BC_KOP',		'TRAIT_CIVILIZATION_BC_PRAESELIS_RULES_THE_WAVE');

INSERT INTO TraitModifiers
		(TraitType,											ModifierId									)	
VALUES	('TRAIT_CIVILIZATION_BC_PRAESELIS_RULES_THE_WAVE',	'TRAIT_PRAESELIS_RULES_THE_WAVE_MOVEMENT'	),
		('TRAIT_CIVILIZATION_BC_PRAESELIS_RULES_THE_WAVE',	'TRAIT_PRAESELIS_RULES_THE_WAVE_SIGHT'		);

INSERT INTO Modifiers
		(ModifierId,									ModifierType)
VALUES	('TRAIT_PRAESELIS_RULES_THE_WAVE_MOVEMENT',		'MODIFIER_PLAYER_UNITS_GRANT_ABILITY'),
		('TRAIT_PRAESELIS_RULES_THE_WAVE_SIGHT',		'MODIFIER_PLAYER_UNITS_GRANT_ABILITY'),
		('PRAESELIS_RULES_THE_WAVE_EXTRA_MOVEMENT',		'MODIFIER_PLAYER_UNIT_ADJUST_MOVEMENT'),
		('PRAESELIS_RULES_THE_WAVE_EXTRA_SIGHT',		'MODIFIER_PLAYER_UNIT_ADJUST_SIGHT');

INSERT INTO ModifierArguments
		(ModifierId,									Name,			Value										)
VALUES	('TRAIT_PRAESELIS_RULES_THE_WAVE_MOVEMENT',		'AbilityType',	'ABILITY_PRAESELIS_RULES_THE_WAVE_MOVEMENT'	),
		('TRAIT_PRAESELIS_RULES_THE_WAVE_SIGHT',		'AbilityType',	'ABILITY_PRAESELIS_RULES_THE_WAVE_SIGHT'	),
		('PRAESELIS_RULES_THE_WAVE_EXTRA_MOVEMENT',		'Amount',		1											),
		('PRAESELIS_RULES_THE_WAVE_EXTRA_SIGHT',		'Amount',		1											);

